freq_hz,"Reference","FEEL IT","Night Drive","Emo/Vocal","Trap-Rock/Rage","Dark Cinematic"
20.000,0.0000,6.0037,3.9956,1.5011,8.9786,6.9018
21.508,0.0000,5.9910,3.9901,1.5002,8.9455,6.8551
23.131,0.0000,5.9721,3.9822,1.4989,8.8985,6.7922
24.875,0.0000,5.9449,3.9711,1.4970,8.8333,6.7085
26.751,0.0000,5.9067,3.9556,1.4941,8.7449,6.5991
28.769,0.0000,5.8543,3.9342,1.4901,8.6276,6.4586
30.939,0.0000,5.7838,3.9052,1.4844,8.4756,6.2817
33.272,0.0000,5.6908,3.8662,1.4765,8.2833,6.0642
35.782,0.0000,5.5708,3.8146,1.4657,8.0466,5.8039
38.480,0.0000,5.4199,3.7471,1.4513,7.7641,5.5020
41.383,0.0000,5.2352,3.6604,1.4320,7.4380,5.1642
44.504,0.0000,5.0164,3.5511,1.4069,7.0760,4.8007
47.861,0.0000,4.7665,3.4165,1.3744,6.6909,4.4269
51.470,0.0000,4.4932,3.2553,1.3336,6.3009,4.0612
55.352,0.0000,4.2086,3.0682,1.2832,5.9276,3.7237
59.527,0.0000,3.9288,2.8591,1.2229,5.5941,3.4327
64.017,0.0000,3.6725,2.6352,1.1532,5.3207,3.2023
68.845,0.0000,3.4582,2.4066,1.0758,5.1211,3.0393
74.037,0.0000,3.3010,2.1856,0.9937,4.9960,2.9397
79.621,0.0000,3.2098,1.9847,0.9112,4.9280,2.8870
85.627,0.0000,3.1828,1.8145,0.8334,4.8779,2.8512
92.085,0.0000,3.2044,1.6816,0.7650,4.7892,2.7931
99.030,0.0000,3.2415,1.5870,0.7097,4.6047,2.6749
106.499,0.0000,3.2449,1.5240,0.6689,4.2912,2.4745
114.531,0.0000,3.1584,1.4781,0.6404,3.8551,2.1932
123.170,0.0000,2.9376,1.4270,0.6180,3.3346,1.8517
132.459,0.0000,2.5686,1.3455,0.5902,2.7767,1.4776
142.450,0.0000,2.0716,1.2124,0.5413,2.2191,1.0943
153.194,0.0000,1.4867,1.0181,0.4545,1.6837,0.7166
164.748,0.0000,0.8563,0.7669,0.3168,1.1785,0.3522
177.173,0.0000,0.2159,0.4726,0.1238,0.7026,0.0052
190.536,0.0000,-0.4045,0.1516,-0.1189,0.2513,-0.3195
204.907,0.0000,-0.9738,-0.1809,-0.3982,-0.1799,-0.6131
220.361,0.0000,-1.4561,-0.5108,-0.6964,-0.5918,-0.8615
236.981,0.0000,-1.8134,-0.8222,-0.9921,-0.9785,-1.0488
254.855,0.0000,-2.0187,-1.0942,-1.2597,-1.3254,-1.1634
274.077,0.0000,-2.0697,-1.3017,-1.4710,-1.6116,-1.2052
294.748,0.0000,-1.9921,-1.4212,-1.6008,-1.8169,-1.1871
316.979,0.0000,-1.8286,-1.4413,-1.6365,-1.9320,-1.1301
340.886,0.0000,-1.6218,-1.3682,-1.5842,-1.9655,-1.0559
366.596,0.0000,-1.4045,-1.2238,-1.4660,-1.9412,-0.9816
394.246,0.0000,-1.1968,-1.0357,-1.3098,-1.8891,-0.9182
423.980,0.0000,-1.0087,-0.8281,-1.1406,-1.8354,-0.8718
455.958,0.0000,-0.8436,-0.6176,-0.9756,-1.7988,-0.8448
490.347,0.0000,-0.7009,-0.4132,-0.8243,-1.7896,-0.8380
527.330,0.0000,-0.5786,-0.2183,-0.6906,-1.8116,-0.8508
567.103,0.0000,-0.4737,-0.0333,-0.5750,-1.8637,-0.8821
609.875,0.0000,-0.3834,0.1427,-0.4756,-1.9409,-0.9302
655.873,0.0000,-0.3047,0.3102,-0.3893,-2.0349,-0.9926
705.340,0.0000,-0.2353,0.4688,-0.3119,-2.1337,-1.0659
758.538,0.0000,-0.1730,0.6165,-0.2375,-2.2232,-1.1451
815.749,0.0000,-0.1159,0.7498,-0.1583,-2.2884,-1.2244
877.274,0.0000,-0.0620,0.8638,-0.0644,-2.3170,-1.2972
943.440,0.0000,-0.0100,0.9542,0.0550,-2.3020,-1.3574
1014.596,0.0000,0.0420,1.0183,0.2097,-2.2440,-1.4015
1091.119,0.0000,0.0953,1.0570,0.4058,-2.1502,-1.4292
1173.413,0.0000,0.1516,1.0744,0.6453,-2.0317,-1.4445
1261.915,0.0000,0.2127,1.0779,0.9274,-1.8991,-1.4544
1357.091,0.0000,0.2805,1.0759,1.2495,-1.7583,-1.4675
1459.446,0.0000,0.3569,1.0763,1.6085,-1.6087,-1.4924
1569.520,0.0000,0.4442,1.0848,1.9982,-1.4421,-1.5363
1687.896,0.0000,0.5445,1.1038,2.4063,-1.2453,-1.6039
1815.201,0.0000,0.6596,1.1310,2.8103,-1.0050,-1.6969
1952.107,0.0000,0.7901,1.1574,3.1768,-0.7135,-1.8131
2099.339,0.0000,0.9346,1.1672,3.4682,-0.3710,-1.9456
2257.676,0.0000,1.0876,1.1379,3.6576,0.0164,-2.0845
2427.954,0.0000,1.2380,1.0462,3.7430,0.4407,-2.2197
2611.076,0.0000,1.3684,0.8757,3.7467,0.8950,-2.3465
2808.008,0.0000,1.4578,0.6239,3.6975,1.3727,-2.4699
3019.794,0.0000,1.4880,0.3027,3.6073,1.8629,-2.6040
3247.553,0.0000,1.4524,-0.0673,3.4591,2.3459,-2.7662
3492.491,0.0000,1.3592,-0.4629,3.2189,2.7897,-2.9707
3755.902,0.0000,1.2277,-0.8605,2.8662,3.1539,-3.2224
4039.180,0.0000,1.0796,-1.2370,2.4146,3.4039,-3.5135
4343.823,0.0000,0.9323,-1.5726,1.9002,3.5301,-3.8216
4671.443,0.0000,0.7970,-1.8571,1.3521,3.5559,-4.1136
5023.773,0.0000,0.6794,-2.0958,0.7740,3.5253,-4.3591
5402.676,0.0000,0.5816,-2.3050,0.1415,3.4799,-4.5468
5810.157,0.0000,0.5036,-2.4968,-0.5830,3.4413,-4.6926
6248.371,0.0000,0.4453,-2.6591,-1.3917,3.4042,-4.8265
6719.637,0.0000,0.4065,-2.7491,-2.0832,3.3441,-4.9679
7226.446,0.0000,0.3878,-2.7195,-2.2420,3.2356,-5.1055
7771.479,0.0000,0.3911,-2.5643,-1.8054,3.0747,-5.1980
8357.620,0.0000,0.4193,-2.3350,-1.1960,2.8874,-5.2024
8987.969,0.0000,0.4766,-2.1020,-0.6908,2.7167,-5.1117
9665.860,0.0000,0.5680,-1.9137,-0.3228,2.6013,-4.9637
10394.880,0.0000,0.6974,-1.7857,-0.0499,2.5620,-4.8115
11178.883,0.0000,0.8656,-1.7109,0.1685,2.5981,-4.6891
12022.018,0.0000,1.0667,-1.6724,0.3568,2.6903,-4.6017
12928.743,0.0000,1.2857,-1.6524,0.5247,2.8084,-4.5358
13903.856,0.0000,1.4998,-1.6377,0.6712,2.9216,-4.4743
14952.514,0.0000,1.6855,-1.6210,0.7909,3.0074,-4.4060
16080.263,0.0000,1.8267,-1.6002,0.8799,3.0566,-4.3283
17293.070,0.0000,1.9196,-1.5762,0.9391,3.0718,-4.2451
18597.349,0.0000,1.9713,-1.5515,0.9737,3.0624,-4.1634
20000.000,0.0000,1.9939,-1.5289,0.9910,3.0405,-4.0910
